Workbook

Sheet Inventaire
A1: ID Produit | B1: Catégorie | C1: Produit | D1: Fournisseur | E1: Unité | F1: Prix unit. (UGX) | G1: Prix unit. (EUR) | H1: Délai réappro (j) | I1: Stock init. 01/07 | J1: Entrées | K1: Sorties | L1: Stock final 31/08 | M1: Consommation moyenne journalière | N1: Seuil alerte | O1: Valeur stock (UGX) | P1: Valeur stock (EUR) | Q1: Taux rotation | R1: Statut | S1: Date inv. init. | T1: Date inv. mi-stage | U1: Date inv. final
A2: P001 | B2: Linge hôtelier | C2: Draps simples | D2: Uganda Textile Ltd | E2: Pièce | F2: 45000 | G2: =F2*0.000248 -> 11.16 | H2: 7 | I2: 120 | J2: 40 | K2: 85 | L2: =I2+J2-K2 -> 75 | M2: =ROUNDUP(K2/62,0) -> 2 | N2: =ROUNDUP((M2*H2)*1.5,0) -> 21 | O2: =L2*F2 -> 3375000 | P2: =O2*0.000248 -> 837 | Q2: =IFERROR(K2/((I2+L2)/2),0) -> 0.87179487 | R2: =IF(L2<=N2,"🔴 Rupture",IF(L2<=N2*1.2,"⚠️ Alerte","✅ OK")) -> ✅ OK | S2: 45474 | T2: 45505 | U2: 45527
A3: P002 | B3: Linge hôtelier | C3: Draps doubles | D3: Uganda Textile Ltd | E3: Pièce | F3: 65000 | G3: =F3*0.000248 -> 16.12 | H3: 7 | I3: 80 | J3: 30 | K3: 65 | L3: =I3+J3-K3 -> 45 | M3: =ROUNDUP(K3/62,0) -> 2 | N3: =ROUNDUP((M3*H3)*1.5,0) -> 21 | O3: =L3*F3 -> 2925000 | P3: =O3*0.000248 -> 725.4 | Q3: =IFERROR(K3/((I3+L3)/2),0) -> 1.04 | R3: =IF(L3<=N3,"🔴 Rupture",IF(L3<=N3*1.2,"⚠️ Alerte","✅ OK")) -> ✅ OK | S3: 45474 | T3: 45505 | U3: =U2 -> 45527
A4: P003 | B4: Linge hôtelier | C4: Serviettes de bain | D4: Kampala Linen Co. | E4: Pièce | F4: 18000 | G4: =F4*0.000248 -> 4.464 | H4: 7 | I4: 200 | J4: 60 | K4: 145 | L4: =I4+J4-K4 -> 115 | M4: =ROUNDUP(K4/62,0) -> 3 | N4: =ROUNDUP((M4*H4)*1.5,0) -> 32 | O4: =L4*F4 -> 2070000 | P4: =O4*0.000248 -> 513.36 | Q4: =IFERROR(K4/((I4+L4)/2),0) -> 0.92063492 | R4: =IF(L4<=N4,"🔴 Rupture",IF(L4<=N4*1.2,"⚠️ Alerte","✅ OK")) -> ✅ OK | S4: 45474 | T4: 45505 | U4: =U3 -> 45527
A5: P004 | B5: Linge hôtelier | C5: Serviettes de visage | D5: Kampala Linen Co. | E5: Pièce | F5: 12000 | G5: =F5*0.000248 -> 2.976 | H5: 7 | I5: 150 | J5: 40 | K5: 130 | L5: =I5+J5-K5 -> 60 | M5: =ROUNDUP(K5/62,0) -> 3 | N5: =ROUNDUP((M5*H5)*1.5,0) -> 32 | O5: =L5*F5 -> 720000 | P5: =O5*0.000248 -> 178.56 | Q5: =IFERROR(K5/((I5+L5)/2),0) -> 1.2380952 | R5: =IF(L5<=N5,"🔴 Rupture",IF(L5<=N5*1.2,"⚠️ Alerte","✅ OK")) -> ✅ OK | S5: 45474 | T5: 45505 | U5: =U4 -> 45527
A6: P005 | B6: Linge hôtelier | C6: Taies d'oreiller | D6: Uganda Textile Ltd | E6: Pièce | F6: 15000 | G6: =F6*0.000248 -> 3.72 | H6: 7 | I6: 160 | J6: 50 | K6: 120 | L6: =I6+J6-K6 -> 90 | M6: =ROUNDUP(K6/62,0) -> 2 | N6: =ROUNDUP((M6*H6)*1.5,0) -> 21 | O6: =L6*F6 -> 1350000 | P6: =O6*0.000248 -> 334.8 | Q6: =IFERROR(K6/((I6+L6)/2),0) -> 0.96 | R6: =IF(L6<=N6,"🔴 Rupture",IF(L6<=N6*1.2,"⚠️ Alerte","✅ OK")) -> ✅ OK | S6: 45474 | T6: 45505 | U6: =U5 -> 45527
A7: P006 | B7: Linge hôtelier | C7: Peignoirs | D7: Kampala Linen Co. | E7: Pièce | F7: 85000 | G7: =F7*0.000248 -> 21.08 | H7: 7 | I7: 45 | J7: 10 | K7: 38 | L7: =I7+J7-K7 -> 17 | M7: =ROUNDUP(K7/62,0) -> 1 | N7: =ROUNDUP((M7*H7)*1.5,0) -> 11 | O7: =L7*F7 -> 1445000 | P7: =O7*0.000248 -> 358.36 | Q7: =IFERROR(K7/((I7+L7)/2),0) -> 1.2258065 | R7: =IF(L7<=N7,"🔴 Rupture",IF(L7<=N7*1.2,"⚠️ Alerte","✅ OK")) -> ✅ OK | S7: 45474 | T7: 45505 | U7: =U6 -> 45527
A8: P007 | B8: Boissons minibar | C8: Nile Special (bière) | D8: Century Bottling Co. | E8: Bouteille | F8: 3500 | G8: =F8*0.000248 -> 0.868 | H8: 3 | I8: 300 | J8: 120 | K8: 280 | L8: =I8+J8-K8 -> 140 | M8: =ROUNDUP(K8/62,0) -> 5 | N8: =ROUNDUP((M8*H8)*1.5,0) -> 23 | O8: =L8*F8 -> 490000 | P8: =O8*0.000248 -> 121.52 | Q8: =IFERROR(K8/((I8+L8)/2),0) -> 1.2727273 | R8: =IF(L8<=N8,"🔴 Rupture",IF(L8<=N8*1.2,"⚠️ Alerte","✅ OK")) -> ✅ OK | S8: 45474 | T8: 45505 | U8: =U7 -> 45527
A9: P008 | B9: Boissons minibar | C9: Bell Lager (bière) | D9: Uganda Breweries Ltd | E9: Bouteille | F9: 3500 | G9: =F9*0.000248 -> 0.868 | H9: 3 | I9: 250 | J9: 100 | K9: 240 | L9: =I9+J9-K9 -> 110 | M9: =ROUNDUP(K9/62,0) -> 4 | N9: =ROUNDUP((M9*H9)*1.5,0) -> 18 | O9: =L9*F9 -> 385000 | P9: =O9*0.000248 -> 95.48 | Q9: =IFERROR(K9/((I9+L9)/2),0) -> 1.3333333 | R9: =IF(L9<=N9,"🔴 Rupture",IF(L9<=N9*1.2,"⚠️ Alerte","✅ OK")) -> ✅ OK | S9: 45474 | T9: 45505 | U9: =U8 -> 45527
A10: P009 | B10: Boissons minibar | C10: Club Pilsner (bière) | D10: Uganda Breweries Ltd | E10: Bouteille | F10: 3200 | G10: =F10*0.000248 -> 0.7936 | H10: 3 | I10: 200 | J10: 80 | K10: 195 | L10: =I10+J10-K10 -> 85 | M10: =ROUNDUP(K10/62,0) -> 4 | N10: =ROUNDUP((M10*H10)*1.5,0) -> 18 | O10: =L10*F10 -> 272000 | P10: =O10*0.000248 -> 67.456 | Q10: =IFERROR(K10/((I10+L10)/2),0) -> 1.3684211 | R10: =IF(L10<=N10,"🔴 Rupture",IF(L10<=N10*1.2,"⚠️ Alerte","✅ OK")) -> ✅ OK | S10: 45474 | T10: 45505 | U10: =U9 -> 45527
A11: P010 | B11: Boissons minibar | C11: Stoney Tangawizi | D11: Coca-Cola Beverages Africa | E11: Bouteille | F11: 2500 | G11: =F11*0.000248 -> 0.62 | H11: 3 | I11: 180 | J11: 60 | K11: 170 | L11: =I11+J11-K11 -> 70 | M11: =ROUNDUP(K11/62,0) -> 3 | N11: =ROUNDUP((M11*H11)*1.5,0) -> 14 | O11: =L11*F11 -> 175000 | P11: =O11*0.000248 -> 43.4 | Q11: =IFERROR(K11/((I11+L11)/2),0) -> 1.36 | R11: =IF(L11<=N11,"🔴 Rupture",IF(L11<=N11*1.2,"⚠️ Alerte","✅ OK")) -> ✅ OK | S11: 45474 | T11: 45505 | U11: =U10 -> 45527
A12: P011 | B12: Boissons minibar | C12: Novida (jus pomme) | D12: Coca-Cola Beverages Africa | E12: Bouteille | F12: 2800 | G12: =F12*0.000248 -> 0.6944 | H12: 3 | I12: 150 | J12: 50 | K12: 140 | L12: =I12+J12-K12 -> 60 | M12: =ROUNDUP(K12/62,0) -> 3 | N12: =ROUNDUP((M12*H12)*1.5,0) -> 14 | O12: =L12*F12 -> 168000 | P12: =O12*0.000248 -> 41.664 | Q12: =IFERROR(K12/((I12+L12)/2),0) -> 1.3333333 | R12: =IF(L12<=N12,"🔴 Rupture",IF(L12<=N12*1.2,"⚠️ Alerte","✅ OK")) -> ✅ OK | S12: 45474 | T12: 45505 | U12: =U11 -> 45527
A13: P012 | B13: Boissons minibar | C13: Riham Cola | D13: Riham Holdings Ltd | E13: Bouteille | F13: 2000 | G13: =F13*0.000248 -> 0.496 | H13: 3 | I13: 120 | J13: 40 | K13: 115 | L13: =I13+J13-K13 -> 45 | M13: =ROUNDUP(K13/62,0) -> 2 | N13: =ROUNDUP((M13*H13)*1.5,0) -> 9 | O13: =L13*F13 -> 90000 | P13: =O13*0.000248 -> 22.32 | Q13: =IFERROR(K13/((I13+L13)/2),0) -> 1.3939394 | R13: =IF(L13<=N13,"🔴 Rupture",IF(L13<=N13*1.2,"⚠️ Alerte","✅ OK")) -> ✅ OK | S13: 45474 | T13: 45505 | U13: =U12 -> 45527
A14: P013 | B14: Boissons minibar | C14: Splash (jus mangue) | D14: Riham Holdings Ltd | E14: Bouteille | F14: 2500 | G14: =F14*0.000248 -> 0.62 | H14: 3 | I14: 160 | J14: 60 | K14: 150 | L14: =I14+J14-K14 -> 70 | M14: =ROUNDUP(K14/62,0) -> 3 | N14: =ROUNDUP((M14*H14)*1.5,0) -> 14 | O14: =L14*F14 -> 175000 | P14: =O14*0.000248 -> 43.4 | Q14: =IFERROR(K14/((I14+L14)/2),0) -> 1.3043478 | R14: =IF(L14<=N14,"🔴 Rupture",IF(L14<=N14*1.2,"⚠️ Alerte","✅ OK")) -> ✅ OK | S14: 45474 | T14: 45505 | U14: =U13 -> 45527
... A50: P049 | B50: Papeterie | C50: Registre des entrées | D50: Office World Uganda | E50: Carnet | F50: 8000 | G50: =F50*0.000248 -> 1.984 | H50: 5 | I50: 10 | J50: 5 | K50: 8 | L50: =I50+J50-K50 -> 7 | M50: =ROUNDUP(K50/62,0) -> 1 | N50: =ROUNDUP((M50*H50)*1.5,0) -> 8 | O50: =L50*F50 -> 56000 | P50: =O50*0.000248 -> 13.888 | Q50: =IFERROR(K50/((I50+L50)/2),0) -> 0.94117647 | R50: =IF(L50<=N50,"🔴 Rupture",IF(L50<=N50*1.2,"⚠️ Alerte","✅ OK")) -> 🔴 Rupture | S50: 45474 | T50: 45505 | U50: =U49 -> 45527
C51: TOTAL / MOYENNES | H51: =AVERAGE(H2:H50) -> 3.8367347 | I51: =SUM(I2:I50) -> 6388 | J51: =SUM(J2:J50) -> 2304 | K51: =SUM(K2:K50) -> 5822 | L51: =SUM(L2:L50) -> 2870 | M51: =AVERAGE(M2:M50) -> 2.4285714 | N51: =AVERAGE(N2:N50) -> 13.693878 | O51: =SUM(O2:O50) -> 21504000 | P51: =O51*0.000248 -> 5332.992 | Q51: =AVERAGE(Q2:Q50) -> 1.2276498

Sheet Évolution stocks
A1: 📈 ÉVOLUTION DES STOCKS — 3 inventaires | Juillet → Août 2024 | Hôtel Albertine Rock
A3: ID | B3: Produit | C3: Catégorie | D3: Stock 01/07/2024 | E3: Stock 01/08/2024 | F3: Stock 31/08/2024 | G3: Variation juil. (%) | H3: Variation août (%)
A4: P001 | B4: Draps simples | C4: Linge hôtelier | D4: 120 | E4: 94 | F4: 75 | G4: =IFERROR((E4-D4)/D4,0) -> -0.21666667 | H4: =IFERROR((F4-E4)/E4,0) -> -0.20212766
A5: P002 | B5: Draps doubles | C5: Linge hôtelier | D5: 80 | E5: 60 | F5: 45 | G5: =IFERROR((E5-D5)/D5,0) -> -0.25 | H5: =IFERROR((F5-E5)/E5,0) -> -0.25
A6: P003 | B6: Serviettes de bain | C6: Linge hôtelier | D6: 200 | E6: 152 | F6: 115 | G6: =IFERROR((E6-D6)/D6,0) -> -0.24 | H6: =IFERROR((F6-E6)/E6,0) -> -0.24342105
A7: P004 | B7: Serviettes de visage | C7: Linge hôtelier | D7: 150 | E7: 101 | F7: 60 | G7: =IFERROR((E7-D7)/D7,0) -> -0.32666667 | H7: =IFERROR((F7-E7)/E7,0) -> -0.40594059
A8: P005 | B8: Taies d'oreiller | C8: Linge hôtelier | D8: 160 | E8: 120 | F8: 90 | G8: =IFERROR((E8-D8)/D8,0) -> -0.25 | H8: =IFERROR((F8-E8)/E8,0) -> -0.25
A9: P006 | B9: Peignoirs | C9: Linge hôtelier | D9: 45 | E9: 30 | F9: 17 | G9: =IFERROR((E9-D9)/D9,0) -> -0.33333333 | H9: =IFERROR((F9-E9)/E9,0) -> -0.43333333
A10: P007 | B10: Nile Special (bière) | C10: Boissons minibar | D10: 300 | E10: 208 | F10: 140 | G10: =IFERROR((E10-D10)/D10,0) -> -0.30666667 | H10: =IFERROR((F10-E10)/E10,0) -> -0.32692308
A11: P008 | B11: Bell Lager (bière) | C11: Boissons minibar | D11: 250 | E11: 170 | F11: 110 | G11: =IFERROR((E11-D11)/D11,0) -> -0.32 | H11: =IFERROR((F11-E11)/E11,0) -> -0.35294118
A12: P009 | B12: Club Pilsner (bière) | C12: Boissons minibar | D12: 200 | E12: 134 | F12: 85 | G12: =IFERROR((E12-D12)/D12,0) -> -0.33 | H12: =IFERROR((F12-E12)/E12,0) -> -0.36567164
A13: P010 | B13: Stoney Tangawizi | C13: Boissons minibar | D13: 180 | E13: 119 | F13: 70 | G13: =IFERROR((E13-D13)/D13,0) -> -0.33888889 | H13: =IFERROR((F13-E13)/E13,0) -> -0.41176471
A14: P011 | B14: Novida (jus pomme) | C14: Boissons minibar | D14: 150 | E14: 100 | F14: 60 | G14: =IFERROR((E14-D14)/D14,0) -> -0.33333333 | H14: =IFERROR((F14-E14)/E14,0) -> -0.4
A15: P012 | B15: Riham Cola | C15: Boissons minibar | D15: 120 | E15: 78 | F15: 45 | G15: =IFERROR((E15-D15)/D15,0) -> -0.35 | H15: =IFERROR((F15-E15)/E15,0) -> -0.42307692
... A52: P049 | B52: Registre des entrées | C52: Papeterie | D52: 10 | E52: 8 | F52: 7 | G52: =IFERROR((E52-D52)/D52,0) -> -0.2 | H52: =IFERROR((F52-E52)/E52,0) -> -0.125

Sheet Fournisseurs
A1: 🏭 RÉFÉRENTIEL FOURNISSEURS | Hôtel Albertine Rock | Ouganda 2024
A3: Fournisseur | B3: Spécialité | C3: Ville | D3: Délai moy. (j) | E3: Fiabilité | F3: Nb produits fournis | G3: Recommandation
A4: Uganda Textile Ltd | B4: Linge hôtelier | C4: Kampala | D4: 7 | E4: ⭐⭐⭐⭐ | F4: 2 | G4: ✅ Fiable
A5: Kampala Linen Co. | B5: Linge hôtelier | C5: Kampala | D5: 7 | E5: ⭐⭐⭐⭐⭐ | F5: 4 | G5: ✅ Fiable
A6: Century Bottling Co. | B6: Boissons | C6: Kampala | D6: 3 | E6: ⭐⭐⭐⭐⭐ | F6: 1 | G6: ✅ Fiable
A7: Uganda Breweries Ltd | B7: Boissons alcoolisées | C7: Kampala | D7: 3 | E7: ⭐⭐⭐⭐ | F7: 2 | G7: ✅ Fiable
A8: Coca-Cola Beverages Africa | B8: Sodas & jus | C8: Kampala | D8: 3 | E8: ⭐⭐⭐⭐⭐ | F8: 2 | G8: ✅ Fiable
A9: Riham Holdings Ltd | B9: Boissons locales | C9: Kampala | D9: 3 | E9: ⭐⭐⭐ | F9: 2 | G9: ⚠️ Délais variables
A10: Rwenzori Beverages | B10: Eau minérale | C10: Fort Portal | D10: 2 | E10: ⭐⭐⭐⭐⭐ | F10: 2 | G10: ✅ Fiable
A11: Uganda Distillers Ltd | B11: Spiritueux | C11: Kampala | D11: 5 | E11: ⭐⭐⭐⭐ | F11: 1 | G11: ✅ Fiable
A12: Tanzania Distillers | B12: Spiritueux importés | C12: Dar es Salaam | D12: 7 | E12: ⭐⭐⭐ | F12: 1 | G12: ⚠️ Délais longs
A13: Fresh Produce Uganda | B13: Fruits & légumes | C13: Kampala | D13: 1 | E13: ⭐⭐⭐⭐ | F13: 5 | G13: ✅ Livraison J+1
A14: Grain Suppliers Ug. | B14: Céréales | C14: Kampala | D14: 2 | E14: ⭐⭐⭐⭐ | F14: 1 | G14: ✅ Fiable
A15: Bidco Uganda Ltd | B15: Huile & hygiène | C15: Kampala | D15: 3 | E15: ⭐⭐⭐⭐⭐ | F15: 2 | G15: ✅ Fiable
... A27: Office World Uganda | B27: Papeterie | C27: Kampala | D27: 4 | E27: ⭐⭐⭐⭐ | F27: 6 | G27: ✅ Fiable

Sheet Flux logistiques
A1: N° Livraison | B1: Date commande | C1: Fournisseur | D1: Produit | E1: Qté commandée | F1: Qté reçue | G1: Prix unit.(UGX) | H1: Prix unit. (EUR) | I1: Date liv. prévue | J1: Date liv. réelle | K1: Délai prévu (j) | L1: Délai réel (j) | M1: Retard (j) | N1: Anomalie | O1: Type anomalie
A2: LIV-001 | B2: 45474 | C2: Rwenzori Beverages | D2: Rwenzori Water 50cl | E2: 200 | F2: 200 | G2: =H2/0.000248 -> 1209.6774 | H2: 0.3 | I2: 45476 | J2: 45476 | K2: 2 | L2: 2 | M2: =L2-K2 -> 0 | N2: =IF(E2=F2,"Non","Oui") -> Non | O2: =IF(AND(E2<>F2,K2<>L2),"Retard + Livraison incomplète",IF(E2<>F2,"Livraison incomplète",IF(K2<>L2,"Retard livraison","—"))) -> —
A3: LIV-002 | B3: 45474 | C3: Fresh Produce Uganda | D3: Tomates fraîches | E3: 20 | F3: 18 | G3: =H3/0.000248 -> 3024.1935 | H3: 0.75 | I3: 45475 | J3: 45475 | K3: 1 | L3: 1 | M3: =L3-K3 -> 0 | N3: =IF(E3=F3,"Non","Oui") -> Oui | O3: =IF(AND(E3<>F3,K3<>L3),"Retard + Livraison incomplète",IF(E3<>F3,"Livraison incomplète",IF(K3<>L3,"Retard livraison","—"))) -> Livraison incomplète
A4: LIV-003 | B4: 45475 | C4: Uganda Breweries Ltd | D4: Nile Special (bière) | E4: 120 | F4: 120 | G4: =H4/0.000248 -> 3508.0645 | H4: 0.87 | I4: 45478 | J4: 45478 | K4: 3 | L4: 3 | M4: =L4-K4 -> 0 | N4: =IF(E4=F4,"Non","Oui") -> Non | O4: =IF(AND(E4<>F4,K4<>L4),"Retard + Livraison incomplète",IF(E4<>F4,"Livraison incomplète",IF(K4<>L4,"Retard livraison","—"))) -> —
A5: LIV-004 | B5: 45476 | C5: Mukwano Industries | D5: Papier toilette | E5: 200 | F5: 200 | G5: =H5/0.000248 -> 806.45161 | H5: 0.2 | I5: 45479 | J5: 45480 | K5: 3 | L5: 4 | M5: =L5-K5 -> 1 | N5: =IF(E5=F5,"Non","Oui") -> Non | O5: =IF(AND(E5<>F5,K5<>L5),"Retard + Livraison incomplète",IF(E5<>F5,"Livraison incomplète",IF(K5<>L5,"Retard livraison","—"))) -> Retard livraison
A6: LIV-005 | B6: 45477 | C6: Tanzania Distillers | D6: Konyagi (gin) | E6: 15 | F6: 15 | G6: =H6/0.000248 -> 15000 | H6: 3.72 | I6: 45484 | J6: 45488 | K6: 7 | L6: 11 | M6: =L6-K6 -> 4 | N6: =IF(E6=F6,"Non","Oui") -> Non | O6: =IF(AND(E6<>F6,K6<>L6),"Retard + Livraison incomplète",IF(E6<>F6,"Livraison incomplète",IF(K6<>L6,"Retard livraison","—"))) -> Retard livraison
A7: LIV-006 | B7: 45478 | C7: Fresh Produce Uganda | D7: Oignons | E7: 15 | F7: 12 | G7: =H7/0.000248 -> 2016.129 | H7: 0.5 | I7: 45479 | J7: 45479 | K7: 1 | L7: 1 | M7: =L7-K7 -> 0 | N7: =IF(E7=F7,"Non","Oui") -> Oui | O7: =IF(AND(E7<>F7,K7<>L7),"Retard + Livraison incomplète",IF(E7<>F7,"Livraison incomplète",IF(K7<>L7,"Retard livraison","—"))) -> Livraison incomplète
A8: LIV-007 | B8: 45479 | C8: Coca-Cola Beverages Africa | D8: Stoney Tangawizi | E8: 60 | F8: 60 | G8: =H8/0.000248 -> 2500 | H8: 0.62 | I8: 45482 | J8: 45482 | K8: 3 | L8: 3 | M8: =L8-K8 -> 0 | N8: =IF(E8=F8,"Non","Oui") -> Non | O8: =IF(AND(E8<>F8,K8<>L8),"Retard + Livraison incomplète",IF(E8<>F8,"Livraison incomplète",IF(K8<>L8,"Retard livraison","—"))) -> —
A9: LIV-008 | B9: 45480 | C9: Uganda Textile Ltd | D9: Draps simples | E9: 40 | F9: 40 | G9: =H9/0.000248 -> 45080.645 | H9: 11.18 | I9: 45487 | J9: 45487 | K9: 7 | L9: 7 | M9: =L9-K9 -> 0 | N9: =IF(E9=F9,"Non","Oui") -> Non | O9: =IF(AND(E9<>F9,K9<>L9),"Retard + Livraison incomplète",IF(E9<>F9,"Livraison incomplète",IF(K9<>L9,"Retard livraison","—"))) -> —
A10: LIV-009 | B10: 45481 | C10: Kampala Linen Co. | D10: Serviettes de bain | E10: 60 | F10: 60 | G10: =H10/0.000248 -> 18064.516 | H10: 4.48 | I10: 45488 | J10: 45490 | K10: 7 | L10: 9 | M10: =L10-K10 -> 2 | N10: =IF(E10=F10,"Non","Oui") -> Non | O10: =IF(AND(E10<>F10,K10<>L10),"Retard + Livraison incomplète",IF(E10<>F10,"Livraison incomplète",IF(K10<>L10,"Retard livraison","—"))) -> Retard livraison
A11: LIV-010 | B11: 45482 | C11: Fresh Produce Uganda | D11: Tomates fraîches | E11: 20 | F11: 20 | G11: =H11/0.000248 -> 3024.1935 | H11: 0.75 | I11: 45483 | J11: 45483 | K11: 1 | L11: 1 | M11: =L11-K11 -> 0 | N11: =IF(E11=F11,"Non","Oui") -> Non | O11: =IF(AND(E11<>F11,K11<>L11),"Retard + Livraison incomplète",IF(E11<>F11,"Livraison incomplète",IF(K11<>L11,"Retard livraison","—"))) -> —
A12: LIV-011 | B12: 45483 | C12: Bidco Uganda Ltd | D12: Huile de palme | E12: 20 | F12: 20 | G12: =H12/0.000248 -> 6491.9355 | H12: 1.61 | I12: 45486 | J12: 45486 | K12: 3 | L12: 3 | M12: =L12-K12 -> 0 | N12: =IF(E12=F12,"Non","Oui") -> Non | O12: =IF(AND(E12<>F12,K12<>L12),"Retard + Livraison incomplète",IF(E12<>F12,"Livraison incomplète",IF(K12<>L12,"Retard livraison","—"))) -> —
A13: LIV-012 | B13: 45484 | C13: Uganda Distillers Ltd | D13: Uganda Waragi (gin) | E13: 20 | F13: 20 | G13: =H13/0.000248 -> 18064.516 | H13: 4.48 | I13: 45489 | J13: 45489 | K13: 5 | L13: 5 | M13: =L13-K13 -> 0 | N13: =IF(E13=F13,"Non","Oui") -> Non | O13: =IF(AND(E13<>F13,K13<>L13),"Retard + Livraison incomplète",IF(E13<>F13,"Livraison incomplète",IF(K13<>L13,"Retard livraison","—"))) -> —
... A51: LIV-050 | B51: 45532 | C51: Reckitt Uganda | D51: Spray vitres | E51: 10 | F51: 10 | G51: =H51/0.000248 -> 9032.2581 | H51: 2.24 | I51: 45535 | J51: 45536 | K51: 3 | L51: 4 | M51: =L51-K51 -> 1 | N51: =IF(E51=F51,"Non","Oui") -> Non | O51: =IF(AND(E51<>F51,K51<>L51),"Retard + Livraison incomplète",IF(E51<>F51,"Livraison incomplète",IF(K51<>L51,"Retard livraison","—"))) -> Retard livraison
C52: TOTAL / MOYENNES | E52: =SUM(E2:E51) -> 2695 | F52: =SUM(F2:F51) -> 2654 | K52: =AVERAGE(K2:K51) -> 3.4 | L52: =AVERAGE(L2:L51) -> 4.1 | M52: =AVERAGE(M2:M51) -> 0.7

Sheet Analyse fournisseurs
A1: 📊 ANALYSE PERFORMANCE FOURNISSEURS | Hôtel Albertine Rock | Juillet–Août 2024
A3: Fournisseur | B3: Nb livraisons | C3: Délai moy. prévu (j) | D3: Délai moy. réel (j) | E3: Retard moy. (j) | F3: Nb anomalies | G3: Taux anomalies (%) | H3: Fiabilité
A4: Tanzania Distillers | B4: =COUNTIF('Flux logistiques'!C:C,A4) -> 4 | C4: =AVERAGEIF('Flux logistiques'!C:C,A4,'Flux logistiques'!K:K) -> 7 | D4: =AVERAGEIF('Flux logistiques'!C:C,A4,'Flux logistiques'!L:L) -> 11.75 | E4: =AVERAGEIF('Flux logistiques'!C:C,A4,'Flux logistiques'!M:M) -> 4.75 | F4: =COUNTIFS('Flux logistiques'!C:C,A4,'Flux logistiques'!N:N,"Oui") -> 1 | G4: =F4/B4 -> 0.25 | H4: =IF(G4>=75%,"🔴 Peu fiable",IF(G4>=40%,"⚠️ Variable",IF(G4>=10%,"✅ Fiable","✅ Excellent"))) -> ✅ Fiable
A5: Kampala Linen Co. | B5: =COUNTIF('Flux logistiques'!C:C,A5) -> 3 | C5: =AVERAGEIF('Flux logistiques'!C:C,A5,'Flux logistiques'!K:K) -> 7 | D5: =AVERAGEIF('Flux logistiques'!C:C,A5,'Flux logistiques'!L:L) -> 9 | E5: =AVERAGEIF('Flux logistiques'!C:C,A5,'Flux logistiques'!M:M) -> 2 | F5: =COUNTIFS('Flux logistiques'!C:C,A5,'Flux logistiques'!N:N,"Oui") -> 0 | G5: =F5/B5 -> 0 | H5: =IF(G5>=75%,"🔴 Peu fiable",IF(G5>=40%,"⚠️ Variable",IF(G5>=10%,"✅ Fiable","✅ Excellent"))) -> ✅ Excellent
A6: Riham Holdings Ltd | B6: =COUNTIF('Flux logistiques'!C:C,A6) -> 2 | C6: =AVERAGEIF('Flux logistiques'!C:C,A6,'Flux logistiques'!K:K) -> 3 | D6: =AVERAGEIF('Flux logistiques'!C:C,A6,'Flux logistiques'!L:L) -> 5.5 | E6: =AVERAGEIF('Flux logistiques'!C:C,A6,'Flux logistiques'!M:M) -> 2.5 | F6: =COUNTIFS('Flux logistiques'!C:C,A6,'Flux logistiques'!N:N,"Oui") -> 0 | G6: =F6/B6 -> 0 | H6: =IF(G6>=75%,"🔴 Peu fiable",IF(G6>=40%,"⚠️ Variable",IF(G6>=10%,"✅ Fiable","✅ Excellent"))) -> ✅ Excellent
A7: Plastics Uganda Ltd | B7: =COUNTIF('Flux logistiques'!C:C,A7) -> 1 | C7: =AVERAGEIF('Flux logistiques'!C:C,A7,'Flux logistiques'!K:K) -> 3 | D7: =AVERAGEIF('Flux logistiques'!C:C,A7,'Flux logistiques'!L:L) -> 3 | E7: =AVERAGEIF('Flux logistiques'!C:C,A7,'Flux logistiques'!M:M) -> 0 | F7: =COUNTIFS('Flux logistiques'!C:C,A7,'Flux logistiques'!N:N,"Oui") -> 1 | G7: =F7/B7 -> 1 | H7: =IF(G7>=75%,"🔴 Peu fiable",IF(G7>=40%,"⚠️ Variable",IF(G7>=10%,"✅ Fiable","✅ Excellent"))) -> 🔴 Peu fiable
A8: Jumia Electronics Ug. | B8: =COUNTIF('Flux logistiques'!C:C,A8) -> 1 | C8: =AVERAGEIF('Flux logistiques'!C:C,A8,'Flux logistiques'!K:K) -> 5 | D8: =AVERAGEIF('Flux logistiques'!C:C,A8,'Flux logistiques'!L:L) -> 5 | E8: =AVERAGEIF('Flux logistiques'!C:C,A8,'Flux logistiques'!M:M) -> 0 | F8: =COUNTIFS('Flux logistiques'!C:C,A8,'Flux logistiques'!N:N,"Oui") -> 1 | G8: =F8/B8 -> 1 | H8: =IF(G8>=75%,"🔴 Peu fiable",IF(G8>=40%,"⚠️ Variable",IF(G8>=10%,"✅ Fiable","✅ Excellent"))) -> 🔴 Peu fiable
A9: Fresh Produce Uganda | B9: =COUNTIF('Flux logistiques'!C:C,A9) -> 12 | C9: =AVERAGEIF('Flux logistiques'!C:C,A9,'Flux logistiques'!K:K) -> 1 | D9: =AVERAGEIF('Flux logistiques'!C:C,A9,'Flux logistiques'!L:L) -> 1 | E9: =AVERAGEIF('Flux logistiques'!C:C,A9,'Flux logistiques'!M:M) -> 0 | F9: =COUNTIFS('Flux logistiques'!C:C,A9,'Flux logistiques'!N:N,"Oui") -> 7 | G9: =F9/B9 -> 0.58333333 | H9: =IF(G9>=75%,"🔴 Peu fiable",IF(G9>=40%,"⚠️ Variable",IF(G9>=10%,"✅ Fiable","✅ Excellent"))) -> ⚠️ Variable
A10: Unilever Uganda | B10: =COUNTIF('Flux logistiques'!C:C,A10) -> 2 | C10: =AVERAGEIF('Flux logistiques'!C:C,A10,'Flux logistiques'!K:K) -> 4 | D10: =AVERAGEIF('Flux logistiques'!C:C,A10,'Flux logistiques'!L:L) -> 4 | E10: =AVERAGEIF('Flux logistiques'!C:C,A10,'Flux logistiques'!M:M) -> 0 | F10: =COUNTIFS('Flux logistiques'!C:C,A10,'Flux logistiques'!N:N,"Oui") -> 1 | G10: =F10/B10 -> 0.5 | H10: =IF(G10>=75%,"🔴 Peu fiable",IF(G10>=40%,"⚠️ Variable",IF(G10>=10%,"✅ Fiable","✅ Excellent"))) -> ⚠️ Variable
A11: Office World Uganda | B11: =COUNTIF('Flux logistiques'!C:C,A11) -> 2 | C11: =AVERAGEIF('Flux logistiques'!C:C,A11,'Flux logistiques'!K:K) -> 4 | D11: =AVERAGEIF('Flux logistiques'!C:C,A11,'Flux logistiques'!L:L) -> 4.5 | E11: =AVERAGEIF('Flux logistiques'!C:C,A11,'Flux logistiques'!M:M) -> 0.5 | F11: =COUNTIFS('Flux logistiques'!C:C,A11,'Flux logistiques'!N:N,"Oui") -> 0 | G11: =F11/B11 -> 0 | H11: =IF(G11>=75%,"🔴 Peu fiable",IF(G11>=40%,"⚠️ Variable",IF(G11>=10%,"✅ Fiable","✅ Excellent"))) -> ✅ Excellent
A12: Reckitt Uganda | B12: =COUNTIF('Flux logistiques'!C:C,A12) -> 2 | C12: =AVERAGEIF('Flux logistiques'!C:C,A12,'Flux logistiques'!K:K) -> 3 | D12: =AVERAGEIF('Flux logistiques'!C:C,A12,'Flux logistiques'!L:L) -> 3.5 | E12: =AVERAGEIF('Flux logistiques'!C:C,A12,'Flux logistiques'!M:M) -> 0.5 | F12: =COUNTIFS('Flux logistiques'!C:C,A12,'Flux logistiques'!N:N,"Oui") -> 0 | G12: =F12/B12 -> 0 | H12: =IF(G12>=75%,"🔴 Peu fiable",IF(G12>=40%,"⚠️ Variable",IF(G12>=10%,"✅ Fiable","✅ Excellent"))) -> ✅ Excellent
A13: Mukwano Industries | B13: =COUNTIF('Flux logistiques'!C:C,A13) -> 3 | C13: =AVERAGEIF('Flux logistiques'!C:C,A13,'Flux logistiques'!K:K) -> 3 | D13: =AVERAGEIF('Flux logistiques'!C:C,A13,'Flux logistiques'!L:L) -> 3.3333333 | E13: =AVERAGEIF('Flux logistiques'!C:C,A13,'Flux logistiques'!M:M) -> 0.33333333 | F13: =COUNTIFS('Flux logistiques'!C:C,A13,'Flux logistiques'!N:N,"Oui") -> 0 | G13: =F13/B13 -> 0 | H13: =IF(G13>=75%,"🔴 Peu fiable",IF(G13>=40%,"⚠️ Variable",IF(G13>=10%,"✅ Fiable","✅ Excellent"))) -> ✅ Excellent
A14: Uganda Textile Ltd | B14: =COUNTIF('Flux logistiques'!C:C,A14) -> 3 | C14: =AVERAGEIF('Flux logistiques'!C:C,A14,'Flux logistiques'!K:K) -> 7 | D14: =AVERAGEIF('Flux logistiques'!C:C,A14,'Flux logistiques'!L:L) -> 7.6666667 | E14: =AVERAGEIF('Flux logistiques'!C:C,A14,'Flux logistiques'!M:M) -> 0.66666667 | F14: =COUNTIFS('Flux logistiques'!C:C,A14,'Flux logistiques'!N:N,"Oui") -> 0 | G14: =F14/B14 -> 0 | H14: =IF(G14>=75%,"🔴 Peu fiable",IF(G14>=40%,"⚠️ Variable",IF(G14>=10%,"✅ Fiable","✅ Excellent"))) -> ✅ Excellent
A15: Rwenzori Beverages | B15: =COUNTIF('Flux logistiques'!C:C,A15) -> 4 | C15: =AVERAGEIF('Flux logistiques'!C:C,A15,'Flux logistiques'!K:K) -> 2 | D15: =AVERAGEIF('Flux logistiques'!C:C,A15,'Flux logistiques'!L:L) -> 2 | E15: =AVERAGEIF('Flux logistiques'!C:C,A15,'Flux logistiques'!M:M) -> 0 | F15: =COUNTIFS('Flux logistiques'!C:C,A15,'Flux logistiques'!N:N,"Oui") -> 0 | G15: =F15/B15 -> 0 | H15: =IF(G15>=75%,"🔴 Peu fiable",IF(G15>=40%,"⚠️ Variable",IF(G15>=10%,"✅ Fiable","✅ Excellent"))) -> ✅ Excellent
... A22: Kyagalanyi Coffee Ltd | B22: =COUNTIF('Flux logistiques'!C:C,A22) -> 1 | C22: =AVERAGEIF('Flux logistiques'!C:C,A22,'Flux logistiques'!K:K) -> 4 | D22: =AVERAGEIF('Flux logistiques'!C:C,A22,'Flux logistiques'!L:L) -> 4 | E22: =AVERAGEIF('Flux logistiques'!C:C,A22,'Flux logistiques'!M:M) -> 0 | F22: =COUNTIFS('Flux logistiques'!C:C,A22,'Flux logistiques'!N:N,"Oui") -> 0 | G22: =F22/B22 -> 0 | H22: =IF(G22>=75%,"🔴 Peu fiable",IF(G22>=40%,"⚠️ Variable",IF(G22>=10%,"✅ Fiable","✅ Excellent"))) -> ✅ Excellent

Sheet Optimisation approvisionnement
A1: PLAN D'OPTIMISATION DES APPROVISIONNEMENTS | Hotel Albertine Rock | Aout 2024
A3: Produit | B3: Categorie | C3: Fournisseur | D3: Conso moy/jour | E3: Stock actuel | F3: Jours stock restants | G3: Delai reappro (j) | H3: Stock securite | I3: Point de commande | J3: Qte recommandée | K3: Cout estime (EUR) | L3: Statut commande
A4: Draps simples | B4: Linge hotelier | C4: Uganda Textile Ltd | D4: =IF(A4=Inventaire!C2,Inventaire!M2,0) -> 2 | E4: 75 | F4: 54 | G4: 7 | H4: 15 | I4: 25 | J4: 40 | K4: 447.2 | L4: OK
A5: Draps doubles | B5: Linge hotelier | C5: Uganda Textile Ltd | D5: =IF(A5=Inventaire!C3,Inventaire!M3,0) -> 2 | E5: 45 | F5: 45 | G5: 7 | H5: 11 | I5: 18 | J5: 30 | K5: 485.1 | L5: OK
A6: Serviettes de bain | B6: Linge hotelier | C6: Kampala Linen Co. | D6: =IF(A6=Inventaire!C4,Inventaire!M4,0) -> 3 | E6: 115 | F6: 50 | G6: 7 | H6: 25 | I6: 42 | J6: 60 | K6: 268.8 | L6: OK
A7: Serviettes de visage | B7: Linge hotelier | C7: Kampala Linen Co. | D7: =IF(A7=Inventaire!C5,Inventaire!M5,0) -> 3 | E7: 60 | F7: 29 | G7: 7 | H7: 22 | I7: 37 | J7: 50 | K7: 149 | L7: OK
A8: Taies d oreiller | B8: Linge hotelier | C8: Uganda Textile Ltd | D8: {=IF(A8=Inventaire!C2:C50,Inventaire!M6,0)} -> #VALUE! | E8: 90 | F8: 47 | G8: 7 | H8: 20 | I8: 34 | J8: 45 | K8: 167.85 | L8: OK
A9: Peignoirs | B9: Linge hotelier | C9: Kampala Linen Co. | D9: =IF(A9=Inventaire!C7,Inventaire!M7,0) -> 1 | E9: 17 | F9: 28 | G9: 7 | H9: 6 | I9: 11 | J9: 20 | K9: 422.6 | L9: OK
A10: Nile Special biere | B10: Boissons minibar | C10: Century Bottling Co. | D10: =IF(A10=Inventaire!C8,Inventaire!M8,0) -> 0 | E10: 140 | F10: 31 | G10: 3 | H10: 20 | I10: 34 | J10: 80 | K10: 69.6 | L10: OK
A11: Bell Lager biere | B11: Boissons minibar | C11: Uganda Breweries Ltd | D11: =IF(A11=Inventaire!C9,Inventaire!M9,0) -> 0 | E11: 110 | F11: 28 | G11: 3 | H11: 18 | I11: 30 | J11: 70 | K11: 60.9 | L11: OK
A12: Club Pilsner biere | B12: Boissons minibar | C12: Uganda Breweries Ltd | D12: =IF(A12=Inventaire!C10,Inventaire!M10,0) -> 0 | E12: 85 | F12: 27 | G12: 3 | H12: 14 | I12: 24 | J12: 60 | K12: 48 | L12: OK
A13: Stoney Tangawizi | B13: Boissons minibar | C13: Coca-Cola Beverages Africa | D13: =IF(A13=Inventaire!C11,Inventaire!M11,0) -> 3 | E13: 70 | F13: 26 | G13: 3 | H13: 12 | I13: 21 | J13: 50 | K13: 31 | L13: OK
A14: Rwenzori Water 50cl | B14: Boissons minibar | C14: Rwenzori Beverages | D14: =IF(A14=Inventaire!C12,Inventaire!M12,0) -> 0 | E14: 220 | F14: 36 | G14: 2 | H14: 18 | I14: 31 | J14: 100 | K14: 30 | L14: OK
A15: Rwenzori Water 1L | B15: Boissons minibar | C15: Rwenzori Beverages | D15: =IF(A15=Inventaire!C13,Inventaire!M13,0) -> 0 | E15: 160 | F15: 34 | G15: 2 | H15: 14 | I15: 24 | J15: 80 | K15: 36 | L15: OK
A16: Uganda Waragi gin | B16: Boissons minibar | C16: Uganda Distillers Ltd | D16: =IF(A16=Inventaire!C14,Inventaire!M14,0) -> 0 | E16: 28 | F16: 23 | G16: 5 | H16: 9 | I16: 15 | J16: 20 | K16: 89.6 | L16: OK
A17: Konyagi gin | B17: Boissons minibar | C17: Tanzania Distillers | D17: =IF(A17=Inventaire!C15,Inventaire!M15,0) -> 0 | E17: 20 | F17: 22 | G17: 7 | H17: 9 | I17: 16 | J17: 25 | K17: 93 | L17: OK
A18: Tomates fraiches | B18: Produits cuisine | C18: Fresh Produce Uganda | D18: =IF(A18=Inventaire!C16,Inventaire!M16,0) -> 0 | E18: 2 | F18: 2 | G18: 1 | H18: 3 | I18: 4 | J18: 15 | K18: 11.25 | L18: OK
A19: Oignons | B19: Produits cuisine | C19: Fresh Produce Uganda | D19: =IF(A19=Inventaire!C17,Inventaire!M17,0) -> 0 | E19: 5 | F19: 8 | G19: 1 | H19: 2 | I19: 3 | J19: 12 | K19: 6 | L19: OK
A20: Matoke bananes vertes | B20: Produits cuisine | C20: Fresh Produce Uganda | D20: =IF(A20=Inventaire!C18,Inventaire!M18,0) -> 0 | E20: 35 | F20: 50 | G20: 1 | H20: 2 | I20: 3 | J20: 15 | K20: 9.3 | L20: OK
... A35: Cartes de bienvenue | B35: Papeterie | C35: Office World Uganda | D35: =IF(A35=Inventaire!C33,Inventaire!M33,0) -> 0 | E35: 20 | F35: 4 | G35: 4 | H35: 27 | I35: 45 | J35: 60 | K35: 30 | L35: Urgente
A36: TOTAL / MOYENNES | D36: =IF(A36=Inventaire!C34,Inventaire!M34,0) -> 0 | F36: 34 | J36: 1377 | K36: 3005.15
A38: Legende statut commande :
A39: Urgente | B39: Jours restants <= Delai reappro — Commander immediatement
A40: Planifiee | B40: Jours restants <= Delai x 1.5 — Commander dans la semaine
A41: OK | B41: Stock suffisant — Surveiller
